fdc_id,nutrient_id,amount
10001,1008,266
10001,1003,11.4
10001,1004,9.8
10001,1005,33.3
10001,1079,2.3
10001,1093,598
10002,1008,288.9
10002,1003,12.4
10002,1004,10.6
10002,1005,36.2
10002,1079,2.5
10002,1093,649.5
10003,1008,244.3
10003,1003,10.5
10003,1004,9.0
10003,1005,30.6
10003,1079,2.1
10003,1093,549.2
10004,1008,336.1
10004,1003,14.4
10004,1004,12.4
10004,1005,42.1
10004,1079,2.9
10004,1093,755.7
10005,1008,334.4
10005,1003,14.3
10005,1004,12.3
10005,1005,41.9
10005,1079,2.9
10005,1093,751.8
10006,1008,218.5
10006,1003,9.4
10006,1004,8.0
10006,1005,27.4
10006,1079,1.9
10006,1093,491.2
10007,1008,380.2
10007,1003,16.3
10007,1004,14.0
10007,1005,47.6
10007,1079,3.3
10007,1093,854.7
10008,1008,215.8
10008,1003,9.3
10008,1004,8.0
10008,1005,27.0
10008,1079,1.9
10008,1093,485.2
10009,1008,312.1
10009,1003,13.4
10009,1004,11.5
10009,1005,39.1
10009,1079,2.7
10009,1093,701.7
10010,1008,306.6
10010,1003,13.1
10010,1004,11.3
10010,1005,38.4
10010,1079,2.7
10010,1093,689.2
10011,1008,359.3
10011,1003,15.4
10011,1004,13.2
10011,1005,45.0
10011,1079,3.1
10011,1093,807.8
10012,1008,345.9
10012,1003,14.8
10012,1004,12.7
10012,1005,43.3
10012,1079,3.0
10012,1093,777.5
10013,1008,373.3
10013,1003,16.0
10013,1004,13.8
10013,1005,46.7
10013,1079,3.2
10013,1093,839.2
10014,1008,252.9
10014,1003,10.8
10014,1004,9.3
10014,1005,31.7
10014,1079,2.2
10014,1093,568.5
10015,1008,290.0
10015,1003,12.4
10015,1004,10.7
10015,1005,36.3
10015,1079,2.5
10015,1093,651.9
10016,1008,278.1
10016,1003,11.9
10016,1004,10.2
10016,1005,34.8
10016,1079,2.4
10016,1093,625.3
10017,1008,248.1
10017,1003,10.6
10017,1004,9.1
10017,1005,31.1
10017,1079,2.1
10017,1093,557.8
10018,1008,332.4
10018,1003,14.2
10018,1004,12.2
10018,1005,41.6
10018,1079,2.9
10018,1093,747.4
10019,1008,227.5
10019,1003,9.8
10019,1004,8.4
10019,1005,28.5
10019,1079,2.0
10019,1093,511.5
10020,1008,326.7
10020,1003,14.0
10020,1004,12.0
10020,1005,40.9
10020,1079,2.8
10020,1093,734.6
10021,1008,368.6
10021,1003,15.8
10021,1004,13.6
10021,1005,46.1
10021,1079,3.2
10021,1093,828.7
10022,1008,297.7
10022,1003,12.8
10022,1004,11.0
10022,1005,37.3
10022,1079,2.6
10022,1093,669.3
10023,1008,237.0
10023,1003,10.2
10023,1004,8.7
10023,1005,29.7
10023,1079,2.0
10023,1093,532.9
10024,1008,256.3
10024,1003,11.0
10024,1004,9.4
10024,1005,32.1
10024,1079,2.2
10024,1093,576.2
10025,1008,232.5
10025,1003,10.0
10025,1004,8.6
10025,1005,29.1
10025,1079,2.0
10025,1093,522.6
10026,1008,317.3
10026,1003,13.6
10026,1004,11.7
10026,1005,39.7
10026,1079,2.7
10026,1093,713.3
10027,1008,375.3
10027,1003,16.1
10027,1004,13.8
10027,1005,47.0
10027,1079,3.2
10027,1093,843.7
10028,1008,295
10028,1003,14.0
10028,1004,14.0
10028,1005,24.0
10028,1079,1.0
10028,1093,400
10029,1008,258.4
10029,1003,12.3
10029,1004,12.3
10029,1005,21.0
10029,1079,0.9
10029,1093,350.3
10030,1008,415.8
10030,1003,19.7
10030,1004,19.7
10030,1005,33.8
10030,1079,1.4
10030,1093,563.8
10031,1008,259.5
10031,1003,12.3
10031,1004,12.3
10031,1005,21.1
10031,1079,0.9
10031,1093,351.8
10032,1008,402.2
10032,1003,19.1
10032,1004,19.1
10032,1005,32.7
10032,1079,1.4
10032,1093,545.4
10033,1008,386.5
10033,1003,18.3
10033,1004,18.3
10033,1005,31.4
10033,1079,1.3
10033,1093,524.0
10034,1008,440.7
10034,1003,20.9
10034,1004,20.9
10034,1005,35.9
10034,1079,1.5
10034,1093,597.6
10035,1008,384.1
10035,1003,18.2
10035,1004,18.2
10035,1005,31.2
10035,1079,1.3
10035,1093,520.8
10036,1008,374.2
10036,1003,17.8
10036,1004,17.8
10036,1005,30.4
10036,1079,1.3
10036,1093,507.4
10037,1008,297.9
10037,1003,14.1
10037,1004,14.1
10037,1005,24.2
10037,1079,1.0
10037,1093,403.9
10038,1008,414.6
10038,1003,19.7
10038,1004,19.7
10038,1005,33.7
10038,1079,1.4
10038,1093,562.1
10039,1008,250.3
10039,1003,11.9
10039,1004,11.9
10039,1005,20.4
10039,1079,0.8
10039,1093,339.4
10040,1008,247.8
10040,1003,11.8
10040,1004,11.8
10040,1005,20.2
10040,1079,0.8
10040,1093,336.1
10041,1008,385.0
10041,1003,18.3
10041,1004,18.3
10041,1005,31.3
10041,1079,1.3
10041,1093,522.0
10042,1008,353.1
10042,1003,16.8
10042,1004,16.8
10042,1005,28.7
10042,1079,1.2
10042,1093,478.8
10043,1008,371.2
10043,1003,17.6
10043,1004,17.6
10043,1005,30.2
10043,1079,1.3
10043,1093,503.3
10044,1008,366.4
10044,1003,17.4
10044,1004,17.4
10044,1005,29.8
10044,1079,1.2
10044,1093,496.8
10045,1008,267.5
10045,1003,12.7
10045,1004,12.7
10045,1005,21.8
10045,1079,0.9
10045,1093,362.7
10046,1008,263.3
10046,1003,12.5
10046,1004,12.5
10046,1005,21.4
10046,1079,0.9
10046,1093,357.1
10047,1008,297.5
10047,1003,14.1
10047,1004,14.1
10047,1005,24.2
10047,1079,1.0
10047,1093,403.4
10048,1008,370.4
10048,1003,17.6
10048,1004,17.6
10048,1005,30.1
10048,1079,1.3
10048,1093,502.3
10049,1008,297.7
10049,1003,14.1
10049,1004,14.1
10049,1005,24.2
10049,1079,1.0
10049,1093,403.7
10050,1008,427.2
10050,1003,20.3
10050,1004,20.3
10050,1005,34.8
10050,1079,1.4
10050,1093,579.2
10051,1008,303.5
10051,1003,14.4
10051,1004,14.4
10051,1005,24.7
10051,1079,1.0
10051,1093,411.5
10052,1008,363.7
10052,1003,17.3
10052,1004,17.3
10052,1005,29.6
10052,1079,1.2
10052,1093,493.1
10053,1008,255.8
10053,1003,12.1
10053,1004,12.1
10053,1005,20.8
10053,1079,0.9
10053,1093,346.8
10054,1008,304.0
10054,1003,14.4
10054,1004,14.4
10054,1005,24.7
10054,1079,1.0
10054,1093,412.2
10055,1008,131
10055,1003,5.0
10055,1004,1.1
10055,1005,25.0
10055,1079,1.2
10055,1093,6
10056,1008,118.7
10056,1003,4.5
10056,1004,1.0
10056,1005,22.7
10056,1079,1.1
10056,1093,5.4
10057,1008,169.5
10057,1003,6.5
10057,1004,1.4
10057,1005,32.3
10057,1079,1.6
10057,1093,7.8
10058,1008,164.1
10058,1003,6.3
10058,1004,1.4
10058,1005,31.3
10058,1079,1.5
10058,1093,7.5
10059,1008,140.6
10059,1003,5.4
10059,1004,1.2
10059,1005,26.8
10059,1079,1.3
10059,1093,6.4
10060,1008,108.8
10060,1003,4.2
10060,1004,0.9
10060,1005,20.8
10060,1079,1.0
10060,1093,5.0
10061,1008,159.1
10061,1003,6.1
10061,1004,1.3
10061,1005,30.4
10061,1079,1.5
10061,1093,7.3
10062,1008,105.4
10062,1003,4.0
10062,1004,0.9
10062,1005,20.1
10062,1079,1.0
10062,1093,4.8
10063,1008,123.3
10063,1003,4.7
10063,1004,1.0
10063,1005,23.5
10063,1079,1.1
10063,1093,5.6
10064,1008,113.0
10064,1003,4.3
10064,1004,0.9
10064,1005,21.6
10064,1079,1.0
10064,1093,5.2
10065,1008,164.9
10065,1003,6.3
10065,1004,1.4
10065,1005,31.5
10065,1079,1.5
10065,1093,7.6
10066,1008,175.4
10066,1003,6.7
10066,1004,1.5
10066,1005,33.5
10066,1079,1.6
10066,1093,8.0
10067,1008,160.7
10067,1003,6.1
10067,1004,1.3
10067,1005,30.7
10067,1079,1.5
10067,1093,7.4
10068,1008,146.7
10068,1003,5.6
10068,1004,1.2
10068,1005,28.0
10068,1079,1.3
10068,1093,6.7
10069,1008,185.0
10069,1003,7.1
10069,1004,1.6
10069,1005,35.3
10069,1079,1.7
10069,1093,8.5
10070,1008,167.5
10070,1003,6.4
10070,1004,1.4
10070,1005,32.0
10070,1079,1.5
10070,1093,7.7
10071,1008,142.6
10071,1003,5.4
10071,1004,1.2
10071,1005,27.2
10071,1079,1.3
10071,1093,6.5
10072,1008,157.1
10072,1003,6.0
10072,1004,1.3
10072,1005,30.0
10072,1079,1.4
10072,1093,7.2
10073,1008,155.3
10073,1003,5.9
10073,1004,1.3
10073,1005,29.6
10073,1079,1.4
10073,1093,7.1
10074,1008,166.2
10074,1003,6.3
10074,1004,1.4
10074,1005,31.7
10074,1079,1.5
10074,1093,7.6
10075,1008,149.0
10075,1003,5.7
10075,1004,1.3
10075,1005,28.4
10075,1079,1.4
10075,1093,6.8
10076,1008,135.4
10076,1003,5.2
10076,1004,1.1
10076,1005,25.8
10076,1079,1.2
10076,1093,6.2
10077,1008,131.6
10077,1003,5.0
10077,1004,1.1
10077,1005,25.1
10077,1079,1.2
10077,1093,6.0
10078,1008,126.9
10078,1003,4.8
10078,1004,1.1
10078,1005,24.2
10078,1079,1.2
10078,1093,5.8
10079,1008,120.7
10079,1003,4.6
10079,1004,1.0
10079,1005,23.0
10079,1079,1.1
10079,1093,5.5
10080,1008,158.5
10080,1003,6.0
10080,1004,1.3
10080,1005,30.2
10080,1079,1.5
10080,1093,7.3
10081,1008,160.7
10081,1003,6.1
10081,1004,1.3
10081,1005,30.7
10081,1079,1.5
10081,1093,7.4
10082,1008,68
10082,1003,2.4
10082,1004,1.4
10082,1005,12.0
10082,1079,1.7
10082,1093,49
10083,1008,97.6
10083,1003,3.4
10083,1004,2.0
10083,1005,17.2
10083,1079,2.4
10083,1093,70.3
10084,1008,70.7
10084,1003,2.5
10084,1004,1.5
10084,1005,12.5
10084,1079,1.8
10084,1093,51.0
10085,1008,101.5
10085,1003,3.6
10085,1004,2.1
10085,1005,17.9
10085,1079,2.5
10085,1093,73.1
10086,1008,80.3
10086,1003,2.8
10086,1004,1.7
10086,1005,14.2
10086,1079,2.0
10086,1093,57.9
10087,1008,66.3
10087,1003,2.3
10087,1004,1.4
10087,1005,11.7
10087,1079,1.7
10087,1093,47.8
10088,1008,100.0
10088,1003,3.5
10088,1004,2.1
10088,1005,17.6
10088,1079,2.5
10088,1093,72.0
10089,1008,74.9
10089,1003,2.6
10089,1004,1.5
10089,1005,13.2
10089,1079,1.9
10089,1093,54.0
10090,1008,95.2
10090,1003,3.4
10090,1004,2.0
10090,1005,16.8
10090,1079,2.4
10090,1093,68.6
10091,1008,83.5
10091,1003,2.9
10091,1004,1.7
10091,1005,14.7
10091,1079,2.1
10091,1093,60.1
10092,1008,55.9
10092,1003,2.0
10092,1004,1.2
10092,1005,9.9
10092,1079,1.4
10092,1093,40.3
10093,1008,78.5
10093,1003,2.8
10093,1004,1.6
10093,1005,13.8
10093,1079,2.0
10093,1093,56.5
10094,1008,56.4
10094,1003,2.0
10094,1004,1.2
10094,1005,10.0
10094,1079,1.4
10094,1093,40.6
10095,1008,61.3
10095,1003,2.2
10095,1004,1.3
10095,1005,10.8
10095,1079,1.5
10095,1093,44.2
10096,1008,82.8
10096,1003,2.9
10096,1004,1.7
10096,1005,14.6
10096,1079,2.1
10096,1093,59.6
10097,1008,76.6
10097,1003,2.7
10097,1004,1.6
10097,1005,13.5
10097,1079,1.9
10097,1093,55.2
10098,1008,70.5
10098,1003,2.5
10098,1004,1.5
10098,1005,12.4
10098,1079,1.8
10098,1093,50.8
10099,1008,74.5
10099,1003,2.6
10099,1004,1.5
10099,1005,13.2
10099,1079,1.9
10099,1093,53.7
10100,1008,60.0
10100,1003,2.1
10100,1004,1.2
10100,1005,10.6
10100,1079,1.5
10100,1093,43.3
10101,1008,94.5
10101,1003,3.3
10101,1004,1.9
10101,1005,16.7
10101,1079,2.4
10101,1093,68.1
10102,1008,93.1
10102,1003,3.3
10102,1004,1.9
10102,1005,16.4
10102,1079,2.3
10102,1093,67.1
10103,1008,77.4
10103,1003,2.7
10103,1004,1.6
10103,1005,13.7
10103,1079,1.9
10103,1093,55.8
10104,1008,83.7
10104,1003,3.0
10104,1004,1.7
10104,1005,14.8
10104,1079,2.1
10104,1093,60.3
10105,1008,99.4
10105,1003,3.5
10105,1004,2.0
10105,1005,17.5
10105,1079,2.5
10105,1093,71.6
10106,1008,93.6
10106,1003,3.3
10106,1004,1.9
10106,1005,16.5
10106,1079,2.3
10106,1093,67.4
10107,1008,72.7
10107,1003,2.6
10107,1004,1.5
10107,1005,12.8
10107,1079,1.8
10107,1093,52.4
10108,1008,65.5
10108,1003,2.3
10108,1004,1.3
10108,1005,11.6
10108,1079,1.6
10108,1093,47.2
10109,1008,265
10109,1003,9.0
10109,1004,3.2
10109,1005,49.0
10109,1079,2.7
10109,1093,491
10110,1008,308.2
10110,1003,10.5
10110,1004,3.7
10110,1005,57.0
10110,1079,3.1
10110,1093,571.1
10111,1008,290.3
10111,1003,9.9
10111,1004,3.5
10111,1005,53.7
10111,1079,3.0
10111,1093,537.9
10112,1008,299.8
10112,1003,10.2
10112,1004,3.6
10112,1005,55.4
10112,1079,3.1
10112,1093,555.5
10113,1008,389.6
10113,1003,13.2
10113,1004,4.7
10113,1005,72.0
10113,1079,4.0
10113,1093,721.9
10114,1008,385.6
10114,1003,13.1
10114,1004,4.7
10114,1005,71.3
10114,1079,3.9
10114,1093,714.4
10115,1008,364.4
10115,1003,12.4
10115,1004,4.4
10115,1005,67.4
10115,1079,3.7
10115,1093,675.2
10116,1008,251.9
10116,1003,8.6
10116,1004,3.0
10116,1005,46.6
10116,1079,2.6
10116,1093,466.7
10117,1008,263.5
10117,1003,8.9
10117,1004,3.2
10117,1005,48.7
10117,1079,2.7
10117,1093,488.2
10118,1008,362.5
10118,1003,12.3
10118,1004,4.4
10118,1005,67.0
10118,1079,3.7
10118,1093,671.6
10119,1008,302.6
10119,1003,10.3
10119,1004,3.7
10119,1005,56.0
10119,1079,3.1
10119,1093,560.7
10120,1008,292.1
10120,1003,9.9
10120,1004,3.5
10120,1005,54.0
10120,1079,3.0
10120,1093,541.2
10121,1008,242.9
10121,1003,8.2
10121,1004,2.9
10121,1005,44.9
10121,1079,2.5
10121,1093,450.0
10122,1008,389.0
10122,1003,13.2
10122,1004,4.7
10122,1005,71.9
10122,1079,4.0
10122,1093,720.7
10123,1008,230.7
10123,1003,7.8
10123,1004,2.8
10123,1005,42.7
10123,1079,2.4
10123,1093,427.5
10124,1008,248.8
10124,1003,8.5
10124,1004,3.0
10124,1005,46.0
10124,1079,2.5
10124,1093,461.0
10125,1008,282.7
10125,1003,9.6
10125,1004,3.4
10125,1005,52.3
10125,1079,2.9
10125,1093,523.7
10126,1008,273.2
10126,1003,9.3
10126,1004,3.3
10126,1005,50.5
10126,1079,2.8
10126,1093,506.1
10127,1008,274.4
10127,1003,9.3
10127,1004,3.3
10127,1005,50.7
10127,1079,2.8
10127,1093,508.5
10128,1008,348.3
10128,1003,11.8
10128,1004,4.2
10128,1005,64.4
10128,1079,3.5
10128,1093,645.3
10129,1008,373.3
10129,1003,12.7
10129,1004,4.5
10129,1005,69.0
10129,1079,3.8
10129,1093,691.8
10130,1008,289.4
10130,1003,9.8
10130,1004,3.5
10130,1005,53.5
10130,1079,2.9
10130,1093,536.3
10131,1008,338.9
10131,1003,11.5
10131,1004,4.1
10131,1005,62.7
10131,1079,3.5
10131,1093,627.9
10132,1008,224.3
10132,1003,7.6
10132,1004,2.7
10132,1005,41.5
10132,1079,2.3
10132,1093,415.7
10133,1008,222.8
10133,1003,7.6
10133,1004,2.7
10133,1005,41.2
10133,1079,2.3
10133,1093,412.8
10134,1008,278.4
10134,1003,9.5
10134,1004,3.4
10134,1005,51.5
10134,1079,2.8
10134,1093,515.8
10135,1008,264.7
10135,1003,9.0
10135,1004,3.2
10135,1005,48.9
10135,1079,2.7
10135,1093,490.4
10136,1008,579
10136,1003,21.1
10136,1004,49.9
10136,1005,21.6
10136,1079,12.5
10136,1093,1
10137,1008,820.6
10137,1003,29.9
10137,1004,70.7
10137,1005,30.6
10137,1079,17.7
10137,1093,1.4
10138,1008,506.3
10138,1003,18.5
10138,1004,43.6
10138,1005,18.9
10138,1079,10.9
10138,1093,0.9
10139,1008,771.8
10139,1003,28.1
10139,1004,66.5
10139,1005,28.8
10139,1079,16.7
10139,1093,1.3
10140,1008,533.6
10140,1003,19.4
10140,1004,46.0
10140,1005,19.9
10140,1079,11.5
10140,1093,0.9
10141,1008,715.6
10141,1003,26.1
10141,1004,61.7
10141,1005,26.7
10141,1079,15.4
10141,1093,1.2
10142,1008,858.8
10142,1003,31.3
10142,1004,74.0
10142,1005,32.0
10142,1079,18.5
10142,1093,1.5
10143,1008,740.8
10143,1003,27.0
10143,1004,63.8
10143,1005,27.6
10143,1079,16.0
10143,1093,1.3
10144,1008,732.5
10144,1003,26.7
10144,1004,63.1
10144,1005,27.3
10144,1079,15.8
10144,1093,1.3
10145,1008,625.0
10145,1003,22.8
10145,1004,53.9
10145,1005,23.3
10145,1079,13.5
10145,1093,1.1
10146,1008,615.9
10146,1003,22.4
10146,1004,53.1
10146,1005,23.0
10146,1079,13.3
10146,1093,1.1
10147,1008,717.5
10147,1003,26.1
10147,1004,61.8
10147,1005,26.8
10147,1079,15.5
10147,1093,1.2
10148,1008,775.2
10148,1003,28.2
10148,1004,66.8
10148,1005,28.9
10148,1079,16.7
10148,1093,1.3
10149,1008,676.7
10149,1003,24.7
10149,1004,58.3
10149,1005,25.2
10149,1079,14.6
10149,1093,1.2
10150,1008,712.8
10150,1003,26.0
10150,1004,61.4
10150,1005,26.6
10150,1079,15.4
10150,1093,1.2
10151,1008,775.1
10151,1003,28.2
10151,1004,66.8
10151,1005,28.9
10151,1079,16.7
10151,1093,1.3
10152,1008,675.9
10152,1003,24.6
10152,1004,58.3
10152,1005,25.2
10152,1079,14.6
10152,1093,1.2
10153,1008,646.1
10153,1003,23.5
10153,1004,55.7
10153,1005,24.1
10153,1079,13.9
10153,1093,1.1
10154,1008,716.3
10154,1003,26.1
10154,1004,61.7
10154,1005,26.7
10154,1079,15.5
10154,1093,1.2
10155,1008,676.5
10155,1003,24.7
10155,1004,58.3
10155,1005,25.2
10155,1079,14.6
10155,1093,1.2
10156,1008,498.1
10156,1003,18.2
10156,1004,42.9
10156,1005,18.6
10156,1079,10.8
10156,1093,0.9
10157,1008,478.7
10157,1003,17.4
10157,1004,41.3
10157,1005,17.9
10157,1079,10.3
10157,1093,0.8
10158,1008,827.9
10158,1003,30.2
10158,1004,71.4
10158,1005,30.9
10158,1079,17.9
10158,1093,1.4
10159,1008,690.8
10159,1003,25.2
10159,1004,59.5
10159,1005,25.8
10159,1079,14.9
10159,1093,1.2
10160,1008,600.8
10160,1003,21.9
10160,1004,51.8
10160,1005,22.4
10160,1079,13.0
10160,1093,1.0
10161,1008,811.7
10161,1003,29.6
10161,1004,70.0
10161,1005,30.3
10161,1079,17.5
10161,1093,1.4
10162,1008,652.7
10162,1003,23.8
10162,1004,56.3
10162,1005,24.4
10162,1079,14.1
10162,1093,1.1
10163,1008,61
10163,1003,3.5
10163,1004,3.3
10163,1005,4.7
10163,1079,0.0
10163,1093,46
10164,1008,66.3
10164,1003,3.8
10164,1004,3.6
10164,1005,5.1
10164,1079,0.0
10164,1093,50.0
10165,1008,50.2
10165,1003,2.9
10165,1004,2.7
10165,1005,3.9
10165,1079,0.0
10165,1093,37.8
10166,1008,79.3
10166,1003,4.6
10166,1004,4.3
10166,1005,6.1
10166,1079,0.0
10166,1093,59.8
10167,1008,83.3
10167,1003,4.8
10167,1004,4.5
10167,1005,6.4
10167,1079,0.0
10167,1093,62.8
10168,1008,82.5
10168,1003,4.7
10168,1004,4.5
10168,1005,6.4
10168,1079,0.0
10168,1093,62.2
10169,1008,79.8
10169,1003,4.6
10169,1004,4.3
10169,1005,6.1
10169,1079,0.0
10169,1093,60.2
10170,1008,70.0
10170,1003,4.0
10170,1004,3.8
10170,1005,5.4
10170,1079,0.0
10170,1093,52.8
10171,1008,74.2
10171,1003,4.3
10171,1004,4.0
10171,1005,5.7
10171,1079,0.0
10171,1093,56.0
10172,1008,49.9
10172,1003,2.9
10172,1004,2.7
10172,1005,3.8
10172,1079,0.0
10172,1093,37.6
10173,1008,48.8
10173,1003,2.8
10173,1004,2.6
10173,1005,3.8
10173,1079,0.0
10173,1093,36.8
10174,1008,89.0
10174,1003,5.1
10174,1004,4.8
10174,1005,6.9
10174,1079,0.0
10174,1093,67.1
10175,1008,74.0
10175,1003,4.2
10175,1004,4.0
10175,1005,5.7
10175,1079,0.0
10175,1093,55.8
10176,1008,58.5
10176,1003,3.4
10176,1004,3.2
10176,1005,4.5
10176,1079,0.0
10176,1093,44.1
10177,1008,49.9
10177,1003,2.9
10177,1004,2.7
10177,1005,3.8
10177,1079,0.0
10177,1093,37.6
10178,1008,79.1
10178,1003,4.5
10178,1004,4.3
10178,1005,6.1
10178,1079,0.0
10178,1093,59.6
10179,1008,90.7
10179,1003,5.2
10179,1004,4.9
10179,1005,7.0
10179,1079,0.0
10179,1093,68.4
10180,1008,76.2
10180,1003,4.4
10180,1004,4.1
10180,1005,5.9
10180,1079,0.0
10180,1093,57.5
10181,1008,57.2
10181,1003,3.3
10181,1004,3.1
10181,1005,4.4
10181,1079,0.0
10181,1093,43.1
10182,1008,70.0
10182,1003,4.0
10182,1004,3.8
10182,1005,5.4
10182,1079,0.0
10182,1093,52.8
10183,1008,69.0
10183,1003,4.0
10183,1004,3.7
10183,1005,5.3
10183,1079,0.0
10183,1093,52.1
10184,1008,53.3
10184,1003,3.1
10184,1004,2.9
10184,1005,4.1
10184,1079,0.0
10184,1093,40.2
10185,1008,61.7
10185,1003,3.5
10185,1004,3.3
10185,1005,4.8
10185,1079,0.0
10185,1093,46.5
10186,1008,88.1
10186,1003,5.1
10186,1004,4.8
10186,1005,6.8
10186,1079,0.0
10186,1093,66.4
10187,1008,91.4
10187,1003,5.2
10187,1004,4.9
10187,1005,7.0
10187,1079,0.0
10187,1093,68.9
10188,1008,61.9
10188,1003,3.6
10188,1004,3.3
10188,1005,4.8
10188,1079,0.0
10188,1093,46.7
10189,1008,58.2
10189,1003,3.3
10189,1004,3.1
10189,1005,4.5
10189,1079,0.0
10189,1093,43.9
10190,1008,402
10190,1003,25.0
10190,1004,33.0
10190,1005,1.3
10190,1079,0.0
10190,1093,621
10191,1008,395.8
10191,1003,24.6
10191,1004,32.5
10191,1005,1.3
10191,1079,0.0
10191,1093,611.4
10192,1008,514.8
10192,1003,32.0
10192,1004,42.3
10192,1005,1.7
10192,1079,0.0
10192,1093,795.3
10193,1008,492.0
10193,1003,30.6
10193,1004,40.4
10193,1005,1.6
10193,1079,0.0
10193,1093,760.1
10194,1008,542.9
10194,1003,33.8
10194,1004,44.6
10194,1005,1.8
10194,1079,0.0
10194,1093,838.6
10195,1008,386.3
10195,1003,24.0
10195,1004,31.7
10195,1005,1.2
10195,1079,0.0
10195,1093,596.7
10196,1008,507.4
10196,1003,31.6
10196,1004,41.7
10196,1005,1.6
10196,1079,0.0
10196,1093,783.8
10197,1008,414.1
10197,1003,25.8
10197,1004,34.0
10197,1005,1.3
10197,1079,0.0
10197,1093,639.6
10198,1008,479.5
10198,1003,29.8
10198,1004,39.4
10198,1005,1.6
10198,1079,0.0
10198,1093,740.7
10199,1008,363.7
10199,1003,22.6
10199,1004,29.9
10199,1005,1.2
10199,1079,0.0
10199,1093,561.8
10200,1008,503.2
10200,1003,31.3
10200,1004,41.3
10200,1005,1.6
10200,1079,0.0
10200,1093,777.3
10201,1008,593.8
10201,1003,36.9
10201,1004,48.7
10201,1005,1.9
10201,1079,0.0
10201,1093,917.4
10202,1008,545.0
10202,1003,33.9
10202,1004,44.7
10202,1005,1.8
10202,1079,0.0
10202,1093,842.0
10203,1008,511.3
10203,1003,31.8
10203,1004,42.0
10203,1005,1.7
10203,1079,0.0
10203,1093,789.8
10204,1008,455.3
10204,1003,28.3
10204,1004,37.4
10204,1005,1.5
10204,1079,0.0
10204,1093,703.3
10205,1008,527.6
10205,1003,32.8
10205,1004,43.3
10205,1005,1.7
10205,1079,0.0
10205,1093,815.1
10206,1008,469.4
10206,1003,29.2
10206,1004,38.5
10206,1005,1.5
10206,1079,0.0
10206,1093,725.1
10207,1008,449.8
10207,1003,28.0
10207,1004,36.9
10207,1005,1.5
10207,1079,0.0
10207,1093,694.8
10208,1008,407.9
10208,1003,25.4
10208,1004,33.5
10208,1005,1.3
10208,1079,0.0
10208,1093,630.0
10209,1008,342.7
10209,1003,21.3
10209,1004,28.1
10209,1005,1.1
10209,1079,0.0
10209,1093,529.4
10210,1008,523.7
10210,1003,32.6
10210,1004,43.0
10210,1005,1.7
10210,1079,0.0
10210,1093,809.0
10211,1008,496.8
10211,1003,30.9
10211,1004,40.8
10211,1005,1.6
10211,1079,0.0
10211,1093,767.4
10212,1008,322.3
10212,1003,20.0
10212,1004,26.5
10212,1005,1.0
10212,1079,0.0
10212,1093,497.9
10213,1008,422.9
10213,1003,26.3
10213,1004,34.7
10213,1005,1.4
10213,1079,0.0
10213,1093,653.2
10214,1008,452.3
10214,1003,28.1
10214,1004,37.1
10214,1005,1.5
10214,1079,0.0
10214,1093,698.8
10215,1008,437.6
10215,1003,27.2
10215,1004,35.9
10215,1005,1.4
10215,1079,0.0
10215,1093,675.9
10216,1008,538.1
10216,1003,33.5
10216,1004,44.2
10216,1005,1.7
10216,1079,0.0
10216,1093,831.2
10217,1008,541
10217,1003,37.0
10217,1004,42.0
10217,1005,1.4
10217,1079,0.0
10217,1093,1717
10218,1008,681.5
10218,1003,46.6
10218,1004,52.9
10218,1005,1.8
10218,1079,0.0
10218,1093,2162.8
10219,1008,673.8
10219,1003,46.1
10219,1004,52.3
10219,1005,1.7
10219,1079,0.0
10219,1093,2138.5
10220,1008,716.7
10220,1003,49.0
10220,1004,55.6
10220,1005,1.9
10220,1079,0.0
10220,1093,2274.5
10221,1008,802.5
10221,1003,54.9
10221,1004,62.3
10221,1005,2.1
10221,1079,0.0
10221,1093,2547.0
10222,1008,569.6
10222,1003,39.0
10222,1004,44.2
10222,1005,1.5
10222,1079,0.0
10222,1093,1807.9
10223,1008,704.2
10223,1003,48.2
10223,1004,54.7
10223,1005,1.8
10223,1079,0.0
10223,1093,2235.0
10224,1008,554.3
10224,1003,37.9
10224,1004,43.0
10224,1005,1.4
10224,1079,0.0
10224,1093,1759.3
10225,1008,441.5
10225,1003,30.2
10225,1004,34.3
10225,1005,1.1
10225,1079,0.0
10225,1093,1401.1
10226,1008,679.7
10226,1003,46.5
10226,1004,52.8
10226,1005,1.8
10226,1079,0.0
10226,1093,2157.1
10227,1008,700.7
10227,1003,47.9
10227,1004,54.4
10227,1005,1.8
10227,1079,0.0
10227,1093,2223.7
10228,1008,666.8
10228,1003,45.6
10228,1004,51.8
10228,1005,1.7
10228,1079,0.0
10228,1093,2116.1
10229,1008,447.9
10229,1003,30.6
10229,1004,34.8
10229,1005,1.2
10229,1079,0.0
10229,1093,1421.7
10230,1008,492.6
10230,1003,33.7
10230,1004,38.2
10230,1005,1.3
10230,1079,0.0
10230,1093,1563.3
10231,1008,602.4
10231,1003,41.2
10231,1004,46.8
10231,1005,1.6
10231,1079,0.0
10231,1093,1911.9
10232,1008,585.0
10232,1003,40.0
10232,1004,45.4
10232,1005,1.5
10232,1079,0.0
10232,1093,1856.8
10233,1008,570.1
10233,1003,39.0
10233,1004,44.3
10233,1005,1.5
10233,1079,0.0
10233,1093,1809.4
10234,1008,799.9
10234,1003,54.7
10234,1004,62.1
10234,1005,2.1
10234,1079,0.0
10234,1093,2538.6
10235,1008,532.2
10235,1003,36.4
10235,1004,41.3
10235,1005,1.4
10235,1079,0.0
10235,1093,1689.1
10236,1008,730.5
10236,1003,50.0
10236,1004,56.7
10236,1005,1.9
10236,1079,0.0
10236,1093,2318.6
10237,1008,490.8
10237,1003,33.6
10237,1004,38.1
10237,1005,1.3
10237,1079,0.0
10237,1093,1557.7
10238,1008,579.7
10238,1003,39.6
10238,1004,45.0
10238,1005,1.5
10238,1079,0.0
10238,1093,1839.9
10239,1008,672.2
10239,1003,46.0
10239,1004,52.2
10239,1005,1.7
10239,1079,0.0
10239,1093,2133.3
10240,1008,745.9
10240,1003,51.0
10240,1004,57.9
10240,1005,1.9
10240,1079,0.0
10240,1093,2367.5
10241,1008,660.9
10241,1003,45.2
10241,1004,51.3
10241,1005,1.7
10241,1079,0.0
10241,1093,2097.7
10242,1008,720.8
10242,1003,49.3
10242,1004,56.0
10242,1005,1.9
10242,1079,0.0
10242,1093,2287.6
10243,1008,512.7
10243,1003,35.1
10243,1004,39.8
10243,1005,1.3
10243,1079,0.0
10243,1093,1627.1
10244,1008,301
10244,1003,12.0
10244,1004,27.0
10244,1005,1.5
10244,1079,0.0
10244,1093,848
10245,1008,359.9
10245,1003,14.3
10245,1004,32.3
10245,1005,1.8
10245,1079,0.0
10245,1093,1014.0
10246,1008,363.7
10246,1003,14.5
10246,1004,32.6
10246,1005,1.8
10246,1079,0.0
10246,1093,1024.6
10247,1008,311.9
10247,1003,12.4
10247,1004,28.0
10247,1005,1.6
10247,1079,0.0
10247,1093,878.7
10248,1008,374.5
10248,1003,14.9
10248,1004,33.6
10248,1005,1.9
10248,1079,0.0
10248,1093,1055.2
10249,1008,244.6
10249,1003,9.8
10249,1004,21.9
10249,1005,1.2
10249,1079,0.0
10249,1093,689.1
10250,1008,293.4
10250,1003,11.7
10250,1004,26.3
10250,1005,1.5
10250,1079,0.0
10250,1093,826.5
10251,1008,316.5
10251,1003,12.6
10251,1004,28.4
10251,1005,1.6
10251,1079,0.0
10251,1093,891.8
10252,1008,421.2
10252,1003,16.8
10252,1004,37.8
10252,1005,2.1
10252,1079,0.0
10252,1093,1186.7
10253,1008,426.1
10253,1003,17.0
10253,1004,38.2
10253,1005,2.1
10253,1079,0.0
10253,1093,1200.5
10254,1008,255.1
10254,1003,10.2
10254,1004,22.9
10254,1005,1.3
10254,1079,0.0
10254,1093,718.7
10255,1008,301.6
10255,1003,12.0
10255,1004,27.1
10255,1005,1.5
10255,1079,0.0
10255,1093,849.8
10256,1008,394.3
10256,1003,15.7
10256,1004,35.4
10256,1005,2.0
10256,1079,0.0
10256,1093,1110.8
10257,1008,266.7
10257,1003,10.6
10257,1004,23.9
10257,1005,1.3
10257,1079,0.0
10257,1093,751.3
10258,1008,259.8
10258,1003,10.4
10258,1004,23.3
10258,1005,1.3
10258,1079,0.0
10258,1093,732.1
10259,1008,365.6
10259,1003,14.6
10259,1004,32.8
10259,1005,1.8
10259,1079,0.0
10259,1093,1029.9
10260,1008,334.1
10260,1003,13.3
10260,1004,30.0
10260,1005,1.7
10260,1079,0.0
10260,1093,941.1
10261,1008,298.9
10261,1003,11.9
10261,1004,26.8
10261,1005,1.5
10261,1079,0.0
10261,1093,842.1
10262,1008,409.0
10262,1003,16.3
10262,1004,36.7
10262,1005,2.0
10262,1079,0.0
10262,1093,1152.3
10263,1008,320.2
10263,1003,12.8
10263,1004,28.7
10263,1005,1.6
10263,1079,0.0
10263,1093,902.2
10264,1008,407.5
10264,1003,16.2
10264,1004,36.6
10264,1005,2.0
10264,1079,0.0
10264,1093,1148.0
10265,1008,357.4
10265,1003,14.2
10265,1004,32.1
10265,1005,1.8
10265,1079,0.0
10265,1093,1007.0
10266,1008,387.3
10266,1003,15.4
10266,1004,34.7
10266,1005,1.9
10266,1079,0.0
10266,1093,1091.2
10267,1008,321.1
10267,1003,12.8
10267,1004,28.8
10267,1005,1.6
10267,1079,0.0
10267,1093,904.6
10268,1008,335.0
10268,1003,13.4
10268,1004,30.1
10268,1005,1.7
10268,1079,0.0
10268,1093,943.8
10269,1008,254.7
10269,1003,10.2
10269,1004,22.8
10269,1005,1.3
10269,1079,0.0
10269,1093,717.4
10270,1008,414.6
10270,1003,16.5
10270,1004,37.2
10270,1005,2.1
10270,1079,0.0
10270,1093,1168.0
10271,1008,207
10271,1003,3.5
10271,1004,11.0
10271,1005,24.0
10271,1079,0.7
10271,1093,80
10272,1008,283.6
10272,1003,4.8
10272,1004,15.1
10272,1005,32.9
10272,1079,1.0
10272,1093,109.6
10273,1008,188.3
10273,1003,3.2
10273,1004,10.0
10273,1005,21.8
10273,1079,0.6
10273,1093,72.8
10274,1008,219.9
10274,1003,3.7
10274,1004,11.7
10274,1005,25.5
10274,1079,0.7
10274,1093,85.0
10275,1008,235.5
10275,1003,4.0
10275,1004,12.5
10275,1005,27.3
10275,1079,0.8
10275,1093,91.0
10276,1008,282.5
10276,1003,4.8
10276,1004,15.0
10276,1005,32.8
10276,1079,1.0
10276,1093,109.2
10277,1008,234.9
10277,1003,4.0
10277,1004,12.5
10277,1005,27.2
10277,1079,0.8
10277,1093,90.8
10278,1008,227.5
10278,1003,3.8
10278,1004,12.1
10278,1005,26.4
10278,1079,0.8
10278,1093,87.9
10279,1008,309.3
10279,1003,5.2
10279,1004,16.4
10279,1005,35.9
10279,1079,1.0
10279,1093,119.5
10280,1008,209.2
10280,1003,3.5
10280,1004,11.1
10280,1005,24.3
10280,1079,0.7
10280,1093,80.8
10281,1008,280.3
10281,1003,4.7
10281,1004,14.9
10281,1005,32.5
10281,1079,0.9
10281,1093,108.3
10282,1008,280.8
10282,1003,4.7
10282,1004,14.9
10282,1005,32.6
10282,1079,0.9
10282,1093,108.5
10283,1008,247.9
10283,1003,4.2
10283,1004,13.2
10283,1005,28.7
10283,1079,0.8
10283,1093,95.8
10284,1008,221.3
10284,1003,3.7
10284,1004,11.8
10284,1005,25.7
10284,1079,0.7
10284,1093,85.5
10285,1008,180.4
10285,1003,3.1
10285,1004,9.6
10285,1005,20.9
10285,1079,0.6
10285,1093,69.7
10286,1008,204.7
10286,1003,3.5
10286,1004,10.9
10286,1005,23.7
10286,1079,0.7
10286,1093,79.1
10287,1008,266.8
10287,1003,4.5
10287,1004,14.2
10287,1005,30.9
10287,1079,0.9
10287,1093,103.1
10288,1008,282.5
10288,1003,4.8
10288,1004,15.0
10288,1005,32.8
10288,1079,1.0
10288,1093,109.2
10289,1008,259.9
10289,1003,4.4
10289,1004,13.8
10289,1005,30.1
10289,1079,0.9
10289,1093,100.5
10290,1008,301.5
10290,1003,5.1
10290,1004,16.0
10290,1005,35.0
10290,1079,1.0
10290,1093,116.5
10291,1008,178.7
10291,1003,3.0
10291,1004,9.5
10291,1005,20.7
10291,1079,0.6
10291,1093,69.0
10292,1008,167.2
10292,1003,2.8
10292,1004,8.9
10292,1005,19.4
10292,1079,0.6
10292,1093,64.6
10293,1008,175.3
10293,1003,3.0
10293,1004,9.3
10293,1005,20.3
10293,1079,0.6
10293,1093,67.8
10294,1008,289.1
10294,1003,4.9
10294,1004,15.4
10294,1005,33.5
10294,1079,1.0
10294,1093,111.7
10295,1008,182.7
10295,1003,3.1
10295,1004,9.7
10295,1005,21.2
10295,1079,0.6
10295,1093,70.6
10296,1008,261.7
10296,1003,4.4
10296,1004,13.9
10296,1005,30.3
10296,1079,0.9
10296,1093,101.1
10297,1008,194.5
10297,1003,3.3
10297,1004,10.3
10297,1005,22.5
10297,1079,0.7
10297,1093,75.2
10298,1008,546
10298,1003,4.9
10298,1004,31.0
10298,1005,61.0
10298,1079,7.0
10298,1093,24
10299,1008,726.8
10299,1003,6.5
10299,1004,41.3
10299,1005,81.2
10299,1079,9.3
10299,1093,31.9
10300,1008,572.9
10300,1003,5.1
10300,1004,32.5
10300,1005,64.0
10300,1079,7.3
10300,1093,25.2
10301,1008,792.6
10301,1003,7.1
10301,1004,45.0
10301,1005,88.6
10301,1079,10.2
10301,1093,34.8
10302,1008,491.6
10302,1003,4.4
10302,1004,27.9
10302,1005,54.9
10302,1079,6.3
10302,1093,21.6
10303,1008,477.0
10303,1003,4.3
10303,1004,27.1
10303,1005,53.3
10303,1079,6.1
10303,1093,21.0
10304,1008,563.9
10304,1003,5.1
10304,1004,32.0
10304,1005,63.0
10304,1079,7.2
10304,1093,24.8
10305,1008,505.3
10305,1003,4.5
10305,1004,28.7
10305,1005,56.5
10305,1079,6.5
10305,1093,22.2
10306,1008,531.7
10306,1003,4.8
10306,1004,30.2
10306,1005,59.4
10306,1079,6.8
10306,1093,23.4
10307,1008,741.3
10307,1003,6.7
10307,1004,42.1
10307,1005,82.8
10307,1079,9.5
10307,1093,32.6
10308,1008,802.8
10308,1003,7.2
10308,1004,45.6
10308,1005,89.7
10308,1079,10.3
10308,1093,35.3
10309,1008,533.2
10309,1003,4.8
10309,1004,30.3
10309,1005,59.6
10309,1079,6.8
10309,1093,23.4
10310,1008,481.7
10310,1003,4.3
10310,1004,27.4
10310,1005,53.8
10310,1079,6.2
10310,1093,21.2
10311,1008,775.6
10311,1003,7.0
10311,1004,44.0
10311,1005,86.6
10311,1079,9.9
10311,1093,34.1
10312,1008,567.4
10312,1003,5.1
10312,1004,32.2
10312,1005,63.4
10312,1079,7.3
10312,1093,24.9
10313,1008,495.7
10313,1003,4.4
10313,1004,28.1
10313,1005,55.4
10313,1079,6.4
10313,1093,21.8
10314,1008,791.7
10314,1003,7.1
10314,1004,44.9
10314,1005,88.4
10314,1079,10.1
10314,1093,34.8
10315,1008,542.0
10315,1003,4.9
10315,1004,30.8
10315,1005,60.6
10315,1079,6.9
10315,1093,23.8
10316,1008,611.9
10316,1003,5.5
10316,1004,34.7
10316,1005,68.4
10316,1079,7.8
10316,1093,26.9
10317,1008,744.5
10317,1003,6.7
10317,1004,42.3
10317,1005,83.2
10317,1079,9.5
10317,1093,32.7
10318,1008,806.7
10318,1003,7.2
10318,1004,45.8
10318,1005,90.1
10318,1079,10.3
10318,1093,35.5
10319,1008,493.4
10319,1003,4.4
10319,1004,28.0
10319,1005,55.1
10319,1079,6.3
10319,1093,21.7
10320,1008,646.0
10320,1003,5.8
10320,1004,36.7
10320,1005,72.2
10320,1079,8.3
10320,1093,28.4
10321,1008,802.4
10321,1003,7.2
10321,1004,45.6
10321,1005,89.6
10321,1079,10.3
10321,1093,35.3
10322,1008,514.8
10322,1003,4.6
10322,1004,29.2
10322,1005,57.5
10322,1079,6.6
10322,1093,22.6
10323,1008,471.0
10323,1003,4.2
10323,1004,26.7
10323,1005,52.6
10323,1079,6.0
10323,1093,20.7
10324,1008,612.8
10324,1003,5.5
10324,1004,34.8
10324,1005,68.5
10324,1079,7.9
10324,1093,26.9
10325,1008,588
10325,1003,25.0
10325,1004,50.0
10325,1005,20.0
10325,1079,6.0
10325,1093,17
10326,1008,600.1
10326,1003,25.5
10326,1004,51.0
10326,1005,20.4
10326,1079,6.1
10326,1093,17.4
10327,1008,581.0
10327,1003,24.7
10327,1004,49.4
10327,1005,19.8
10327,1079,5.9
10327,1093,16.8
10328,1008,793.4
10328,1003,33.7
10328,1004,67.5
10328,1005,27.0
10328,1079,8.1
10328,1093,22.9
10329,1008,590.4
10329,1003,25.1
10329,1004,50.2
10329,1005,20.1
10329,1079,6.0
10329,1093,17.1
10330,1008,666.1
10330,1003,28.3
10330,1004,56.6
10330,1005,22.7
10330,1079,6.8
10330,1093,19.3
10331,1008,832.6
10331,1003,35.4
10331,1004,70.8
10331,1005,28.3
10331,1079,8.5
10331,1093,24.1
10332,1008,774.7
10332,1003,32.9
10332,1004,65.9
10332,1005,26.3
10332,1079,7.9
10332,1093,22.4
10333,1008,784.7
10333,1003,33.4
10333,1004,66.7
10333,1005,26.7
10333,1079,8.0
10333,1093,22.7
10334,1008,728.3
10334,1003,31.0
10334,1004,61.9
10334,1005,24.8
10334,1079,7.4
10334,1093,21.1
10335,1008,561.5
10335,1003,23.9
10335,1004,47.7
10335,1005,19.1
10335,1079,5.7
10335,1093,16.2
10336,1008,774.6
10336,1003,32.9
10336,1004,65.9
10336,1005,26.3
10336,1079,7.9
10336,1093,22.4
10337,1008,681.1
10337,1003,29.0
10337,1004,57.9
10337,1005,23.2
10337,1079,7.0
10337,1093,19.7
10338,1008,860.9
10338,1003,36.6
10338,1004,73.2
10338,1005,29.3
10338,1079,8.8
10338,1093,24.9
10339,1008,715.2
10339,1003,30.4
10339,1004,60.8
10339,1005,24.3
10339,1079,7.3
10339,1093,20.7
10340,1008,745.0
10340,1003,31.7
10340,1004,63.4
10340,1005,25.3
10340,1079,7.6
10340,1093,21.5
10341,1008,560.0
10341,1003,23.8
10341,1004,47.6
10341,1005,19.0
10341,1079,5.7
10341,1093,16.2
10342,1008,766.3
10342,1003,32.6
10342,1004,65.2
10342,1005,26.1
10342,1079,7.8
10342,1093,22.2
10343,1008,839.5
10343,1003,35.7
10343,1004,71.4
10343,1005,28.6
10343,1079,8.6
10343,1093,24.3
10344,1008,877.0
10344,1003,37.3
10344,1004,74.6
10344,1005,29.8
10344,1079,8.9
10344,1093,25.4
10345,1008,663.7
10345,1003,28.2
10345,1004,56.4
10345,1005,22.6
10345,1079,6.8
10345,1093,19.2
10346,1008,633.6
10346,1003,26.9
10346,1004,53.9
10346,1005,21.6
10346,1079,6.5
10346,1093,18.3
10347,1008,666.7
10347,1003,28.3
10347,1004,56.7
10347,1005,22.7
10347,1079,6.8
10347,1093,19.3
10348,1008,648.2
10348,1003,27.6
10348,1004,55.1
10348,1005,22.0
10348,1079,6.6
10348,1093,18.7
10349,1008,860.7
10349,1003,36.6
10349,1004,73.2
10349,1005,29.3
10349,1079,8.8
10349,1093,24.9
10350,1008,607.3
10350,1003,25.8
10350,1004,51.6
10350,1005,20.7
10350,1079,6.2
10350,1093,17.6
10351,1008,837.1
10351,1003,35.6
10351,1004,71.2
10351,1005,28.5
10351,1079,8.5
10351,1093,24.2
10352,1008,654
10352,1003,15.2
10352,1004,65.2
10352,1005,13.7
10352,1079,6.7
10352,1093,2
10353,1008,809.4
10353,1003,18.8
10353,1004,80.7
10353,1005,17.0
10353,1079,8.3
10353,1093,2.5
10354,1008,924.5
10354,1003,21.5
10354,1004,92.2
10354,1005,19.4
10354,1079,9.5
10354,1093,2.8
10355,1008,759.6
10355,1003,17.7
10355,1004,75.7
10355,1005,15.9
10355,1079,7.8
10355,1093,2.3
10356,1008,738.9
10356,1003,17.2
10356,1004,73.7
10356,1005,15.5
10356,1079,7.6
10356,1093,2.3
10357,1008,800.2
10357,1003,18.6
10357,1004,79.8
10357,1005,16.8
10357,1079,8.2
10357,1093,2.4
10358,1008,955.1
10358,1003,22.2
10358,1004,95.2
10358,1005,20.0
10358,1079,9.8
10358,1093,2.9
10359,1008,663.4
10359,1003,15.4
10359,1004,66.1
10359,1005,13.9
10359,1079,6.8
10359,1093,2.0
10360,1008,717.3
10360,1003,16.7
10360,1004,71.5
10360,1005,15.0
10360,1079,7.3
10360,1093,2.2
10361,1008,865.9
10361,1003,20.1
10361,1004,86.3
10361,1005,18.1
10361,1079,8.9
10361,1093,2.6
10362,1008,927.8
10362,1003,21.6
10362,1004,92.5
10362,1005,19.4
10362,1079,9.5
10362,1093,2.8
10363,1008,621.9
10363,1003,14.5
10363,1004,62.0
10363,1005,13.0
10363,1079,6.4
10363,1093,1.9
10364,1008,921.2
10364,1003,21.4
10364,1004,91.8
10364,1005,19.3
10364,1079,9.4
10364,1093,2.8
10365,1008,565.7
10365,1003,13.1
10365,1004,56.4
10365,1005,11.8
10365,1079,5.8
10365,1093,1.7
10366,1008,538.2
10366,1003,12.5
10366,1004,53.7
10366,1005,11.3
10366,1079,5.5
10366,1093,1.6
10367,1008,763.5
10367,1003,17.7
10367,1004,76.1
10367,1005,16.0
10367,1079,7.8
10367,1093,2.3
10368,1008,780.4
10368,1003,18.1
10368,1004,77.8
10368,1005,16.3
10368,1079,8.0
10368,1093,2.4
10369,1008,730.9
10369,1003,17.0
10369,1004,72.9
10369,1005,15.3
10369,1079,7.5
10369,1093,2.2
10370,1008,916.2
10370,1003,21.3
10370,1004,91.3
10370,1005,19.2
10370,1079,9.4
10370,1093,2.8
10371,1008,560.7
10371,1003,13.0
10371,1004,55.9
10371,1005,11.7
10371,1079,5.7
10371,1093,1.7
10372,1008,850.5
10372,1003,19.8
10372,1004,84.8
10372,1005,17.8
10372,1079,8.7
10372,1093,2.6
10373,1008,670.2
10373,1003,15.6
10373,1004,66.8
10373,1005,14.0
10373,1079,6.9
10373,1093,2.0
10374,1008,731.0
10374,1003,17.0
10374,1004,72.9
10374,1005,15.3
10374,1079,7.5
10374,1093,2.2
10375,1008,893.6
10375,1003,20.8
10375,1004,89.1
10375,1005,18.7
10375,1079,9.2
10375,1093,2.7
10376,1008,659.0
10376,1003,15.3
10376,1004,65.7
10376,1005,13.8
10376,1079,6.8
10376,1093,2.0
10377,1008,605.0
10377,1003,14.1
10377,1004,60.3
10377,1005,12.7
10377,1079,6.2
10377,1093,1.9
10378,1008,914.9
10378,1003,21.3
10378,1004,91.2
10378,1005,19.2
10378,1079,9.4
10378,1093,2.8
10379,1008,42
10379,1003,3.4
10379,1004,1.0
10379,1005,5.0
10379,1079,0.0
10379,1093,44
10380,1008,48.6
10380,1003,3.9
10380,1004,1.2
10380,1005,5.8
10380,1079,0.0
10380,1093,50.9
10381,1008,43.9
10381,1003,3.6
10381,1004,1.0
10381,1005,5.2
10381,1079,0.0
10381,1093,46.0
10382,1008,51.6
10382,1003,4.2
10382,1004,1.2
10382,1005,6.1
10382,1079,0.0
10382,1093,54.1
10383,1008,46.5
10383,1003,3.8
10383,1004,1.1
10383,1005,5.5
10383,1079,0.0
10383,1093,48.8
10384,1008,34.6
10384,1003,2.8
10384,1004,0.8
10384,1005,4.1
10384,1079,0.0
10384,1093,36.2
10385,1008,63.0
10385,1003,5.1
10385,1004,1.5
10385,1005,7.5
10385,1079,0.0
10385,1093,66.0
10386,1008,61.6
10386,1003,5.0
10386,1004,1.5
10386,1005,7.3
10386,1079,0.0
10386,1093,64.5
10387,1008,39.4
10387,1003,3.2
10387,1004,0.9
10387,1005,4.7
10387,1079,0.0
10387,1093,41.3
10388,1008,50.1
10388,1003,4.1
10388,1004,1.2
10388,1005,6.0
10388,1079,0.0
10388,1093,52.5
10389,1008,62.6
10389,1003,5.1
10389,1004,1.5
10389,1005,7.5
10389,1079,0.0
10389,1093,65.6
10390,1008,40.7
10390,1003,3.3
10390,1004,1.0
10390,1005,4.8
10390,1079,0.0
10390,1093,42.7
10391,1008,58.9
10391,1003,4.8
10391,1004,1.4
10391,1005,7.0
10391,1079,0.0
10391,1093,61.7
10392,1008,60.8
10392,1003,4.9
10392,1004,1.4
10392,1005,7.2
10392,1079,0.0
10392,1093,63.7
10393,1008,34.1
10393,1003,2.8
10393,1004,0.8
10393,1005,4.1
10393,1079,0.0
10393,1093,35.7
10394,1008,50.6
10394,1003,4.1
10394,1004,1.2
10394,1005,6.0
10394,1079,0.0
10394,1093,53.0
10395,1008,37.9
10395,1003,3.1
10395,1004,0.9
10395,1005,4.5
10395,1079,0.0
10395,1093,39.7
10396,1008,56.7
10396,1003,4.6
10396,1004,1.3
10396,1005,6.7
10396,1079,0.0
10396,1093,59.4
10397,1008,61.5
10397,1003,5.0
10397,1004,1.5
10397,1005,7.3
10397,1079,0.0
10397,1093,64.4
10398,1008,33.7
10398,1003,2.7
10398,1004,0.8
10398,1005,4.0
10398,1079,0.0
10398,1093,35.3
10399,1008,61.4
10399,1003,5.0
10399,1004,1.5
10399,1005,7.3
10399,1079,0.0
10399,1093,64.3
10400,1008,42.2
10400,1003,3.4
10400,1004,1.0
10400,1005,5.0
10400,1079,0.0
10400,1093,44.2
10401,1008,37.7
10401,1003,3.1
10401,1004,0.9
10401,1005,4.5
10401,1079,0.0
10401,1093,39.5
10402,1008,35.9
10402,1003,2.9
10402,1004,0.9
10402,1005,4.3
10402,1079,0.0
10402,1093,37.6
10403,1008,62.4
10403,1003,5.1
10403,1004,1.5
10403,1005,7.4
10403,1079,0.0
10403,1093,65.4
10404,1008,60.1
10404,1003,4.9
10404,1004,1.4
10404,1005,7.2
10404,1079,0.0
10404,1093,63.0
10405,1008,35.3
10405,1003,2.9
10405,1004,0.8
10405,1005,4.2
10405,1079,0.0
10405,1093,37.0
10406,1008,76
10406,1003,8.0
10406,1004,4.8
10406,1005,1.9
10406,1079,0.3
10406,1093,7
10407,1008,97.4
10407,1003,10.2
10407,1004,6.1
10407,1005,2.4
10407,1079,0.4
10407,1093,9.0
10408,1008,69.4
10408,1003,7.3
10408,1004,4.4
10408,1005,1.7
10408,1079,0.3
10408,1093,6.4
10409,1008,81.5
10409,1003,8.6
10409,1004,5.1
10409,1005,2.0
10409,1079,0.3
10409,1093,7.5
10410,1008,75.2
10410,1003,7.9
10410,1004,4.8
10410,1005,1.9
10410,1079,0.3
10410,1093,6.9
10411,1008,81.8
10411,1003,8.6
10411,1004,5.2
10411,1005,2.0
10411,1079,0.3
10411,1093,7.5
10412,1008,60.9
10412,1003,6.4
10412,1004,3.8
10412,1005,1.5
10412,1079,0.2
10412,1093,5.6
10413,1008,92.4
10413,1003,9.7
10413,1004,5.8
10413,1005,2.3
10413,1079,0.4
10413,1093,8.5
10414,1008,96.2
10414,1003,10.1
10414,1004,6.1
10414,1005,2.4
10414,1079,0.4
10414,1093,8.9
10415,1008,69.3
10415,1003,7.3
10415,1004,4.4
10415,1005,1.7
10415,1079,0.3
10415,1093,6.4
10416,1008,80.8
10416,1003,8.5
10416,1004,5.1
10416,1005,2.0
10416,1079,0.3
10416,1093,7.4
10417,1008,80.7
10417,1003,8.5
10417,1004,5.1
10417,1005,2.0
10417,1079,0.3
10417,1093,7.4
10418,1008,69.0
10418,1003,7.3
10418,1004,4.4
10418,1005,1.7
10418,1079,0.3
10418,1093,6.4
10419,1008,81.5
10419,1003,8.6
10419,1004,5.1
10419,1005,2.0
10419,1079,0.3
10419,1093,7.5
10420,1008,99.1
10420,1003,10.4
10420,1004,6.3
10420,1005,2.5
10420,1079,0.4
10420,1093,9.1
10421,1008,79.3
10421,1003,8.3
10421,1004,5.0
10421,1005,2.0
10421,1079,0.3
10421,1093,7.3
10422,1008,72.2
10422,1003,7.6
10422,1004,4.6
10422,1005,1.8
10422,1079,0.3
10422,1093,6.7
10423,1008,62.2
10423,1003,6.6
10423,1004,3.9
10423,1005,1.6
10423,1079,0.2
10423,1093,5.7
10424,1008,91.0
10424,1003,9.6
10424,1004,5.8
10424,1005,2.3
10424,1079,0.4
10424,1093,8.4
10425,1008,75.9
10425,1003,8.0
10425,1004,4.8
10425,1005,1.9
10425,1079,0.3
10425,1093,7.0
10426,1008,83.9
10426,1003,8.8
10426,1004,5.3
10426,1005,2.1
10426,1079,0.3
10426,1093,7.7
10427,1008,98.8
10427,1003,10.4
10427,1004,6.2
10427,1005,2.5
10427,1079,0.4
10427,1093,9.1
10428,1008,103.1
10428,1003,10.9
10428,1004,6.5
10428,1005,2.6
10428,1079,0.4
10428,1093,9.5
10429,1008,98.8
10429,1003,10.4
10429,1004,6.2
10429,1005,2.5
10429,1079,0.4
10429,1093,9.1
10430,1008,109.1
10430,1003,11.5
10430,1004,6.9
10430,1005,2.7
10430,1079,0.4
10430,1093,10.0
10431,1008,64.5
10431,1003,6.8
10431,1004,4.1
10431,1005,1.6
10431,1079,0.3
10431,1093,5.9
10432,1008,84.5
10432,1003,8.9
10432,1004,5.3
10432,1005,2.1
10432,1079,0.3
10432,1093,7.8
10433,1008,33
10433,1003,2.9
10433,1004,1.5
10433,1005,1.8
10433,1079,0.2
10433,1093,47
10434,1008,36.6
10434,1003,3.2
10434,1004,1.7
10434,1005,2.0
10434,1079,0.2
10434,1093,52.2
10435,1008,30.9
10435,1003,2.7
10435,1004,1.4
10435,1005,1.7
10435,1079,0.2
10435,1093,44.1
10436,1008,33.1
10436,1003,2.9
10436,1004,1.5
10436,1005,1.8
10436,1079,0.2
10436,1093,47.1
10437,1008,39.5
10437,1003,3.5
10437,1004,1.8
10437,1005,2.2
10437,1079,0.2
10437,1093,56.2
10438,1008,34.3
10438,1003,3.0
10438,1004,1.6
10438,1005,1.9
10438,1079,0.2
10438,1093,48.8
10439,1008,33.2
10439,1003,2.9
10439,1004,1.5
10439,1005,1.8
10439,1079,0.2
10439,1093,47.2
10440,1008,40.4
10440,1003,3.6
10440,1004,1.8
10440,1005,2.2
10440,1079,0.2
10440,1093,57.5
10441,1008,32.6
10441,1003,2.9
10441,1004,1.5
10441,1005,1.8
10441,1079,0.2
10441,1093,46.5
10442,1008,30.9
10442,1003,2.7
10442,1004,1.4
10442,1005,1.7
10442,1079,0.2
10442,1093,44.1
10443,1008,30.4
10443,1003,2.7
10443,1004,1.4
10443,1005,1.7
10443,1079,0.2
10443,1093,43.3
10444,1008,34.8
10444,1003,3.1
10444,1004,1.6
10444,1005,1.9
10444,1079,0.2
10444,1093,49.6
10445,1008,46.1
10445,1003,4.1
10445,1004,2.1
10445,1005,2.5
10445,1079,0.3
10445,1093,65.7
10446,1008,34.1
10446,1003,3.0
10446,1004,1.5
10446,1005,1.9
10446,1079,0.2
10446,1093,48.5
10447,1008,32.8
10447,1003,2.9
10447,1004,1.5
10447,1005,1.8
10447,1079,0.2
10447,1093,46.7
10448,1008,48.3
10448,1003,4.2
10448,1004,2.2
10448,1005,2.6
10448,1079,0.3
10448,1093,68.8
10449,1008,47.2
10449,1003,4.2
10449,1004,2.1
10449,1005,2.6
10449,1079,0.3
10449,1093,67.3
10450,1008,44.9
10450,1003,3.9
10450,1004,2.0
10450,1005,2.4
10450,1079,0.3
10450,1093,63.9
10451,1008,43.4
10451,1003,3.8
10451,1004,2.0
10451,1005,2.4
10451,1079,0.3
10451,1093,61.8
10452,1008,43.4
10452,1003,3.8
10452,1004,2.0
10452,1005,2.4
10452,1079,0.3
10452,1093,61.9
10453,1008,38.8
10453,1003,3.4
10453,1004,1.8
10453,1005,2.1
10453,1079,0.2
10453,1093,55.3
10454,1008,27.4
10454,1003,2.4
10454,1004,1.2
10454,1005,1.5
10454,1079,0.2
10454,1093,39.1
10455,1008,34.6
10455,1003,3.0
10455,1004,1.6
10455,1005,1.9
10455,1079,0.2
10455,1093,49.3
10456,1008,44.7
10456,1003,3.9
10456,1004,2.0
10456,1005,2.4
10456,1079,0.3
10456,1093,63.6
10457,1008,48.6
10457,1003,4.3
10457,1004,2.2
10457,1005,2.7
10457,1079,0.3
10457,1093,69.2
10458,1008,37.2
10458,1003,3.3
10458,1004,1.7
10458,1005,2.0
10458,1079,0.2
10458,1093,53.0
10459,1008,49.5
10459,1003,4.3
10459,1004,2.2
10459,1005,2.7
10459,1079,0.3
10459,1093,70.5
10460,1008,242
10460,1003,27.0
10460,1004,14.0
10460,1005,0.0
10460,1079,0.0
10460,1093,62
10461,1008,258.4
10461,1003,28.8
10461,1004,15.0
10461,1005,0.0
10461,1079,0.0
10461,1093,66.2
10462,1008,359.4
10462,1003,40.1
10462,1004,20.8
10462,1005,0.0
10462,1079,0.0
10462,1093,92.1
10463,1008,257.3
10463,1003,28.7
10463,1004,14.9
10463,1005,0.0
10463,1079,0.0
10463,1093,65.9
10464,1008,219.3
10464,1003,24.5
10464,1004,12.7
10464,1005,0.0
10464,1079,0.0
10464,1093,56.2
10465,1008,287.2
10465,1003,32.0
10465,1004,16.6
10465,1005,0.0
10465,1079,0.0
10465,1093,73.6
10466,1008,230.4
10466,1003,25.7
10466,1004,13.3
10466,1005,0.0
10466,1079,0.0
10466,1093,59.0
10467,1008,276.2
10467,1003,30.8
10467,1004,16.0
10467,1005,0.0
10467,1079,0.0
10467,1093,70.8
10468,1008,272.7
10468,1003,30.4
10468,1004,15.8
10468,1005,0.0
10468,1079,0.0
10468,1093,69.9
10469,1008,200.8
10469,1003,22.4
10469,1004,11.6
10469,1005,0.0
10469,1079,0.0
10469,1093,51.4
10470,1008,206.2
10470,1003,23.0
10470,1004,11.9
10470,1005,0.0
10470,1079,0.0
10470,1093,52.8
10471,1008,304.1
10471,1003,33.9
10471,1004,17.6
10471,1005,0.0
10471,1079,0.0
10471,1093,77.9
10472,1008,222.4
10472,1003,24.8
10472,1004,12.9
10472,1005,0.0
10472,1079,0.0
10472,1093,57.0
10473,1008,344.9
10473,1003,38.5
10473,1004,20.0
10473,1005,0.0
10473,1079,0.0
10473,1093,88.4
10474,1008,341.8
10474,1003,38.1
10474,1004,19.8
10474,1005,0.0
10474,1079,0.0
10474,1093,87.6
10475,1008,313.3
10475,1003,35.0
10475,1004,18.1
10475,1005,0.0
10475,1079,0.0
10475,1093,80.3
10476,1008,330.3
10476,1003,36.9
10476,1004,19.1
10476,1005,0.0
10476,1079,0.0
10476,1093,84.6
10477,1008,215.0
10477,1003,24.0
10477,1004,12.4
10477,1005,0.0
10477,1079,0.0
10477,1093,55.1
10478,1008,251.1
10478,1003,28.0
10478,1004,14.5
10478,1005,0.0
10478,1079,0.0
10478,1093,64.3
10479,1008,316.1
10479,1003,35.3
10479,1004,18.3
10479,1005,0.0
10479,1079,0.0
10479,1093,81.0
10480,1008,336.8
10480,1003,37.6
10480,1004,19.5
10480,1005,0.0
10480,1079,0.0
10480,1093,86.3
10481,1008,206.2
10481,1003,23.0
10481,1004,11.9
10481,1005,0.0
10481,1079,0.0
10481,1093,52.8
10482,1008,343.1
10482,1003,38.3
10482,1004,19.8
10482,1005,0.0
10482,1079,0.0
10482,1093,87.9
10483,1008,277.8
10483,1003,31.0
10483,1004,16.1
10483,1005,0.0
10483,1079,0.0
10483,1093,71.2
10484,1008,214.1
10484,1003,23.9
10484,1004,12.4
10484,1005,0.0
10484,1079,0.0
10484,1093,54.8
10485,1008,335.3
10485,1003,37.4
10485,1004,19.4
10485,1005,0.0
10485,1079,0.0
10485,1093,85.9
10486,1008,204.6
10486,1003,22.8
10486,1004,11.8
10486,1005,0.0
10486,1079,0.0
10486,1093,52.4
10487,1008,250
10487,1003,26.0
10487,1004,15.0
10487,1005,0.0
10487,1079,0.0
10487,1093,72
10488,1008,217.1
10488,1003,22.6
10488,1004,13.0
10488,1005,0.0
10488,1079,0.0
10488,1093,62.5
10489,1008,221.8
10489,1003,23.1
10489,1004,13.3
10489,1005,0.0
10489,1079,0.0
10489,1093,63.9
10490,1008,373.6
10490,1003,38.9
10490,1004,22.4
10490,1005,0.0
10490,1079,0.0
10490,1093,107.6
10491,1008,288.7
10491,1003,30.0
10491,1004,17.3
10491,1005,0.0
10491,1079,0.0
10491,1093,83.1
10492,1008,220.2
10492,1003,22.9
10492,1004,13.2
10492,1005,0.0
10492,1079,0.0
10492,1093,63.4
10493,1008,219.0
10493,1003,22.8
10493,1004,13.1
10493,1005,0.0
10493,1079,0.0
10493,1093,63.1
10494,1008,291.0
10494,1003,30.3
10494,1004,17.5
10494,1005,0.0
10494,1079,0.0
10494,1093,83.8
10495,1008,317.4
10495,1003,33.0
10495,1004,19.0
10495,1005,0.0
10495,1079,0.0
10495,1093,91.4
10496,1008,354.9
10496,1003,36.9
10496,1004,21.3
10496,1005,0.0
10496,1079,0.0
10496,1093,102.2
10497,1008,362.9
10497,1003,37.7
10497,1004,21.8
10497,1005,0.0
10497,1079,0.0
10497,1093,104.5
10498,1008,275.5
10498,1003,28.7
10498,1004,16.5
10498,1005,0.0
10498,1079,0.0
10498,1093,79.3
10499,1008,279.7
10499,1003,29.1
10499,1004,16.8
10499,1005,0.0
10499,1079,0.0
10499,1093,80.6
10500,1008,249.2
10500,1003,25.9
10500,1004,15.0
10500,1005,0.0
10500,1079,0.0
10500,1093,71.8
10501,1008,366.9
10501,1003,38.2
10501,1004,22.0
10501,1005,0.0
10501,1079,0.0
10501,1093,105.7
10502,1008,260.1
10502,1003,27.0
10502,1004,15.6
10502,1005,0.0
10502,1079,0.0
10502,1093,74.9
10503,1008,312.6
10503,1003,32.5
10503,1004,18.8
10503,1005,0.0
10503,1079,0.0
10503,1093,90.0
10504,1008,302.4
10504,1003,31.4
10504,1004,18.1
10504,1005,0.0
10504,1079,0.0
10504,1093,87.1
10505,1008,235.3
10505,1003,24.5
10505,1004,14.1
10505,1005,0.0
10505,1079,0.0
10505,1093,67.8
10506,1008,303.3
10506,1003,31.5
10506,1004,18.2
10506,1005,0.0
10506,1079,0.0
10506,1093,87.4
10507,1008,321.3
10507,1003,33.4
10507,1004,19.3
10507,1005,0.0
10507,1079,0.0
10507,1093,92.5
10508,1008,314.6
10508,1003,32.7
10508,1004,18.9
10508,1005,0.0
10508,1079,0.0
10508,1093,90.6
10509,1008,321.4
10509,1003,33.4
10509,1004,19.3
10509,1005,0.0
10509,1079,0.0
10509,1093,92.6
10510,1008,276.8
10510,1003,28.8
10510,1004,16.6
10510,1005,0.0
10510,1079,0.0
10510,1093,79.7
10511,1008,294.9
10511,1003,30.7
10511,1004,17.7
10511,1005,0.0
10511,1079,0.0
10511,1093,84.9
10512,1008,216.6
10512,1003,22.5
10512,1004,13.0
10512,1005,0.0
10512,1079,0.0
10512,1093,62.4
10513,1008,311.7
10513,1003,32.4
10513,1004,18.7
10513,1005,0.0
10513,1079,0.0
10513,1093,89.8
10514,1008,189
10514,1003,29.0
10514,1004,7.0
10514,1005,0.0
10514,1079,0.0
10514,1093,68
10515,1008,215.9
10515,1003,33.1
10515,1004,8.0
10515,1005,0.0
10515,1079,0.0
10515,1093,77.7
10516,1008,209.4
10516,1003,32.1
10516,1004,7.8
10516,1005,0.0
10516,1079,0.0
10516,1093,75.3
10517,1008,215.2
10517,1003,33.0
10517,1004,8.0
10517,1005,0.0
10517,1079,0.0
10517,1093,77.4
10518,1008,181.4
10518,1003,27.8
10518,1004,6.7
10518,1005,0.0
10518,1079,0.0
10518,1093,65.3
10519,1008,154.4
10519,1003,23.7
10519,1004,5.7
10519,1005,0.0
10519,1079,0.0
10519,1093,55.6
10520,1008,188.6
10520,1003,28.9
10520,1004,7.0
10520,1005,0.0
10520,1079,0.0
10520,1093,67.9
10521,1008,217.3
10521,1003,33.3
10521,1004,8.0
10521,1005,0.0
10521,1079,0.0
10521,1093,78.2
10522,1008,247.8
10522,1003,38.0
10522,1004,9.2
10522,1005,0.0
10522,1079,0.0
10522,1093,89.2
10523,1008,254.6
10523,1003,39.1
10523,1004,9.4
10523,1005,0.0
10523,1079,0.0
10523,1093,91.6
10524,1008,185.1
10524,1003,28.4
10524,1004,6.9
10524,1005,0.0
10524,1079,0.0
10524,1093,66.6
10525,1008,203.5
10525,1003,31.2
10525,1004,7.5
10525,1005,0.0
10525,1079,0.0
10525,1093,73.2
10526,1008,238.2
10526,1003,36.6
10526,1004,8.8
10526,1005,0.0
10526,1079,0.0
10526,1093,85.7
10527,1008,235.2
10527,1003,36.1
10527,1004,8.7
10527,1005,0.0
10527,1079,0.0
10527,1093,84.6
10528,1008,156.7
10528,1003,24.0
10528,1004,5.8
10528,1005,0.0
10528,1079,0.0
10528,1093,56.4
10529,1008,182.6
10529,1003,28.0
10529,1004,6.8
10529,1005,0.0
10529,1079,0.0
10529,1093,65.7
10530,1008,169.1
10530,1003,25.9
10530,1004,6.3
10530,1005,0.0
10530,1079,0.0
10530,1093,60.8
10531,1008,163.2
10531,1003,25.0
10531,1004,6.0
10531,1005,0.0
10531,1079,0.0
10531,1093,58.7
10532,1008,214.1
10532,1003,32.8
10532,1004,7.9
10532,1005,0.0
10532,1079,0.0
10532,1093,77.0
10533,1008,184.5
10533,1003,28.3
10533,1004,6.8
10533,1005,0.0
10533,1079,0.0
10533,1093,66.4
10534,1008,266.1
10534,1003,40.8
10534,1004,9.9
10534,1005,0.0
10534,1079,0.0
10534,1093,95.7
10535,1008,205.2
10535,1003,31.5
10535,1004,7.6
10535,1005,0.0
10535,1079,0.0
10535,1093,73.8
10536,1008,243.3
10536,1003,37.3
10536,1004,9.0
10536,1005,0.0
10536,1079,0.0
10536,1093,87.5
10537,1008,199.0
10537,1003,30.5
10537,1004,7.4
10537,1005,0.0
10537,1079,0.0
10537,1093,71.6
10538,1008,260.2
10538,1003,39.9
10538,1004,9.6
10538,1005,0.0
10538,1079,0.0
10538,1093,93.6
10539,1008,181.2
10539,1003,27.8
10539,1004,6.7
10539,1005,0.0
10539,1079,0.0
10539,1093,65.2
10540,1008,264.4
10540,1003,40.6
10540,1004,9.8
10540,1005,0.0
10540,1079,0.0
10540,1093,95.1
