id,fdc_id,nutrient_id,amount,data_points,derivation_id,min,max,median,loq,footnote,min_year_acquired
1,10001,1008,266,1,,,,,,,
2,10001,1003,11.39,1,,,,,,,
3,10001,1005,33.33,1,,,,,,,
4,10001,1004,9.69,1,,,,,,,
5,10001,1079,2.3,1,,,,,,,
6,10001,1093,598,1,,,,,,,
7,10002,1008,254,1,,,,,,,
8,10002,1003,11.75,1,,,,,,,
9,10002,1005,29.41,1,,,,,,,
10,10002,1004,10.0,1,,,,,,,
11,10003,1008,158,1,,,,,,,
12,10003,1003,5.8,1,,,,,,,
13,10003,1005,31.0,1,,,,,,,
14,10003,1004,0.9,1,,,,,,,
15,10004,1008,71,1,,,,,,,
16,10004,1003,2.5,1,,,,,,,
17,10004,1005,12.0,1,,,,,,,
18,10004,1004,1.5,1,,,,,,,
19,10005,1008,266,1,,,,,,,
20,10005,1003,8.85,1,,,,,,,
21,10005,1005,49.4,1,,,,,,,
22,10005,1004,3.33,1,,,,,,,
23,10006,1008,52,1,,,,,,,
24,10006,1003,0.26,1,,,,,,,
25,10006,1005,13.8,1,,,,,,,
26,10006,1004,0.17,1,,,,,,,
27,10007,1008,89,1,,,,,,,
28,10007,1003,1.09,1,,,,,,,
29,10007,1005,22.8,1,,,,,,,
30,10007,1004,0.33,1,,,,,,,
31,10008,1008,165,1,,,,,,,
32,10008,1003,31.0,1,,,,,,,
33,10008,1005,0.0,1,,,,,,,
34,10008,1004,3.57,1,,,,,,,
35,10009,1008,579,1,,,,,,,
36,10009,1003,21.2,1,,,,,,,
37,10009,1005,21.6,1,,,,,,,
38,10009,1004,49.9,1,,,,,,,
39,10010,1008,61,1,,,,,,,
40,10010,1003,3.47,1,,,,,,,
41,10010,1005,4.66,1,,,,,,,
42,10010,1004,3.25,1,,,,,,,
